ID,Name
0,Jamie Davis
1,Dakota Smith
2,Charlie Rodriguez
3,Hayden Smith
4,Morgan Taylor
5,Sage Taylor
6,Quinn Garcia
7,Phoenix Miller
8,Avery Gonzalez
9,Sage Taylor
10,Quinn Brown
11,Rowan Smith
12,Finley Johnson
13,Phoenix Gonzalez
14,Rowan Taylor
15,Jamie Davis
16,Avery Jones
17,Taylor Moore
18,Taylor Wilson
19,Taylor Brown
20,Quinn Hernandez
21,Taylor Jones
22,Casey Hernandez
23,Finley Miller
24,Morgan Hernandez
25,Morgan Moore
26,Skylar Davis
27,Taylor Moore
28,River Williams
29,Skylar Moore
30,Jamie Smith
31,Rowan Johnson
32,Rowan Johnson
33,River Smith
34,Reese Brown
35,Casey Jones
36,Rowan Jones
37,Rowan Gonzalez
38,Morgan Moore
39,Jordan Gonzalez
40,Charlie Brown
41,Jamie Davis
42,River Brown
43,Dakota Williams
44,Sam Anderson
45,Phoenix Johnson
46,Sage Davis
47,Sam Smith
48,Hayden Martinez
49,Jamie Lopez
50,Phoenix Davis
51,Dakota Wilson
52,Jordan Miller
53,Jordan Martinez
54,Sam Gonzalez
55,Hayden Johnson
56,Charlie Anderson
57,Quinn Garcia
58,Morgan Anderson
59,Taylor Brown
60,Jamie Brown
61,Reese Lopez
62,Phoenix Williams
63,Finley Lopez
64,Dakota Thomas
65,Taylor Jones
66,Jordan Moore
67,Jamie Rodriguez
68,Jordan Anderson
69,Jamie Jones
70,Dakota Lopez
71,Reese Martinez
72,Rowan Jones
73,Hayden Jones
74,River Smith
75,Hayden Taylor
76,Finley Jones
77,Dakota Davis
78,Phoenix Moore
79,Quinn Hernandez
80,Hayden Taylor
81,Hayden Martinez
82,Avery Lopez
83,Sage Lopez
84,Finley Jones
85,Sam Anderson
86,Quinn Jones
87,Rowan Miller
88,Morgan Williams
89,Riley Anderson
90,Phoenix Hernandez
91,Finley Garcia
92,Quinn Thomas
93,Jamie Gonzalez
94,Skylar Hernandez
95,Morgan Thomas
96,Riley Rodriguez
97,Reese Brown
98,Sam Gonzalez
99,Sam Lopez
100,Phoenix Lopez
101,Hayden Rodriguez
102,Avery Williams
103,Sam Wilson
104,Quinn Wilson
105,Quinn Gonzalez
106,Morgan Martinez
107,Taylor Hernandez
108,Morgan Thomas
109,Avery Jones
110,Sage Davis
111,Jordan Martinez
112,Riley Taylor
113,Jamie Gonzalez
114,Jamie Rodriguez
115,Reese Smith
116,Charlie Williams
117,Alex Williams
118,River Brown
119,Hayden Gonzalez
120,Jordan Smith
121,Hayden Rodriguez
122,Sam Martinez
123,Dakota Lopez
124,Skylar Thomas
125,Dakota Williams
126,Reese Lopez
127,Dakota Gonzalez
128,Sam Jones
129,Reese Wilson
130,Avery Taylor
131,Sage Wilson
132,Dakota Williams
133,Jordan Smith
134,River Rodriguez
135,Phoenix Lopez
136,Reese Thomas
137,Rowan Miller
138,River Garcia
139,Skylar Lopez
140,Phoenix Smith
141,Rowan Thomas
142,Quinn Hernandez
143,Morgan Anderson
144,Alex Moore
145,Quinn Hernandez
146,Jamie Rodriguez
147,Finley Rodriguez
148,Jamie Garcia
149,Avery Johnson
150,Phoenix Brown
151,Jamie Gonzalez
152,Rowan Johnson
153,Quinn Brown
154,Quinn Jones
155,Sage Thomas
156,Avery Johnson
157,Finley Martinez
158,Avery Gonzalez
159,River Smith
160,River Martinez
161,Jordan Jones
162,Avery Gonzalez
163,Jamie Garcia
164,Hayden Jones
165,Reese Rodriguez
166,River Williams
167,Avery Lopez
168,Finley Garcia
169,Reese Garcia
170,Taylor Smith
171,Finley Anderson
172,Hayden Rodriguez
173,Casey Anderson
174,Taylor Garcia
175,Dakota Anderson
176,Skylar Martinez
177,Jordan Rodriguez
178,Sam Davis
179,Sage Brown
180,Rowan Hernandez
181,Hayden Martinez
182,Reese Moore
183,Dakota Wilson
184,Charlie Taylor
185,Reese Davis
186,Avery Lopez
187,Taylor Thomas
188,Jamie Wilson
189,Charlie Hernandez
190,Reese Davis
191,Rowan Wilson
192,Sam Jones
193,Jamie Brown
194,Phoenix Miller
195,Phoenix Wilson
196,River Wilson
197,Skylar Lopez
198,Casey Rodriguez
199,Charlie Moore
200,Sage Garcia
201,Taylor Taylor
202,River Moore
203,Sage Davis
204,Phoenix Martinez
205,Charlie Williams
206,River Hernandez
207,Skylar Smith
208,Avery Rodriguez
209,Dakota Davis
210,Reese Martinez
211,Skylar Wilson
212,Phoenix Moore
213,Alex Hernandez
214,Taylor Davis
215,Taylor Gonzalez
216,Hayden Gonzalez
217,Sam Miller
218,Jamie Hernandez
219,Phoenix Davis
220,Jamie Rodriguez
221,Charlie Gonzalez
222,Finley Martinez
223,Reese Davis
224,River Taylor
225,Charlie Johnson
226,Avery Thomas
227,Riley Davis
228,Reese Miller
229,Phoenix Smith
230,Jamie Brown
231,Hayden Taylor
232,Finley Davis
233,Casey Smith
234,Quinn Wilson
235,Sage Miller
236,Rowan Miller
237,Sage Anderson
238,Finley Johnson
239,Sam Brown
240,Reese Garcia
241,Jamie Lopez
242,Charlie Anderson
243,Dakota Rodriguez
244,Jamie Anderson
245,Reese Rodriguez
246,Sage Gonzalez
247,Finley Anderson
248,Dakota Davis
249,Jordan Moore
250,Skylar Smith
251,Skylar Hernandez
252,Taylor Davis
253,Morgan Garcia
254,Morgan Williams
255,Morgan Jones
256,Charlie Martinez
257,Skylar Williams
258,Alex Davis
259,Finley Brown
260,Riley Brown
261,Avery Moore
262,Avery Brown
263,Phoenix Miller
264,Phoenix Jones
265,Finley Thomas
266,Charlie Wilson
267,Rowan Smith
268,Sage Wilson
269,Jordan Moore
270,Charlie Miller
271,Casey Rodriguez
272,Sam Wilson
273,Reese Garcia
274,Charlie Lopez
275,Quinn Moore
276,Phoenix Rodriguez
277,Sage Gonzalez
278,Dakota Martinez
279,Jamie Williams
280,Morgan Thomas
281,River Martinez
282,Casey Hernandez
283,Avery Thomas
284,Hayden Gonzalez
285,Skylar Martinez
286,Jamie Gonzalez
287,Phoenix Gonzalez
288,Finley Hernandez
289,Sam Lopez
290,Rowan Hernandez
291,Casey Johnson
292,Casey Gonzalez
293,Riley Moore
294,Alex Lopez
295,Sam Davis
296,Charlie Martinez
297,Casey Lopez
298,Jordan Miller
299,Charlie Moore
300,Sage Williams
301,Reese Gonzalez
302,Jamie Smith
303,Quinn Thomas
304,Sage Rodriguez
305,Skylar Rodriguez
306,Dakota Moore
307,Taylor Davis
308,Phoenix Williams
309,Rowan Williams
310,Taylor Hernandez
311,Morgan Johnson
312,Hayden Brown
313,Reese Miller
314,Reese Johnson
315,Jordan Miller
316,Charlie Williams
317,Morgan Thomas
318,Reese Davis
319,Dakota Hernandez
320,Sam Taylor
321,Phoenix Rodriguez
322,Skylar Taylor
323,Dakota Taylor
324,Jordan Gonzalez
325,Sage Garcia
326,Quinn Johnson
327,Sage Davis
328,Phoenix Garcia
329,Riley Johnson
330,Charlie Smith
331,Casey Martinez
332,Sage Gonzalez
333,Hayden Davis
334,Hayden Anderson
335,Charlie Garcia
336,Skylar Martinez
337,Casey Johnson
338,Morgan Davis
339,River Rodriguez
340,Alex Miller
341,Dakota Jones
342,Rowan Anderson
343,Finley Miller
344,Hayden Gonzalez
345,Riley Thomas
346,Hayden Davis
347,Avery Rodriguez
348,River Taylor
349,Avery Rodriguez
350,Rowan Lopez
351,Taylor Lopez
352,River Johnson
353,Reese Gonzalez
354,Rowan Miller
355,Rowan Gonzalez
356,Reese Wilson
357,Jordan Wilson
358,Rowan Hernandez
359,Reese Hernandez
360,Avery Lopez
361,Alex Williams
362,Sam Gonzalez
363,Sam Gonzalez
364,Quinn Hernandez
365,Reese Thomas
366,Jordan Martinez
367,Rowan Johnson
368,Finley Moore
369,Taylor Jones
370,Avery Lopez
371,Phoenix Johnson
372,Hayden Thomas
373,Jamie Wilson
374,Jordan Garcia
375,Jordan Thomas
376,Taylor Miller
377,Rowan Moore
378,Morgan Smith
379,Finley Rodriguez
380,Alex Hernandez
381,Jordan Martinez
382,Jamie Gonzalez
383,Dakota Lopez
384,Alex Miller
385,Sam Johnson
386,Avery Gonzalez
387,Jordan Hernandez
388,Rowan Moore
389,Casey Rodriguez
390,Dakota Johnson
391,River Miller
392,Riley Wilson
393,Phoenix Miller
394,Reese Thomas
395,Riley Anderson
396,Casey Garcia
397,Avery Thomas
398,Phoenix Rodriguez
399,Sage Rodriguez
400,Morgan Brown
401,Avery Davis
402,Alex Smith
403,Riley Hernandez
404,Dakota Anderson
405,Finley Taylor
406,Jamie Hernandez
407,Hayden Taylor
408,Avery Wilson
409,Rowan Gonzalez
410,Avery Smith
411,Avery Moore
412,Jordan Miller
413,Quinn Thomas
414,Alex Hernandez
415,River Rodriguez
416,Riley Gonzalez
417,Rowan Lopez
418,Dakota Smith
419,Morgan Garcia
420,Taylor Garcia
421,Taylor Miller
422,Avery Smith
423,Jamie Williams
424,Morgan Taylor
425,Hayden Thomas
426,Riley Johnson
427,Phoenix Martinez
428,Sage Anderson
429,Avery Rodriguez
430,Finley Wilson
431,Rowan Anderson
432,Hayden Williams
433,Avery Garcia
434,Alex Rodriguez
435,Charlie Anderson
436,Sam Anderson
437,Hayden Wilson
438,Skylar Brown
439,Avery Johnson
440,Casey Martinez
441,Avery Hernandez
442,Reese Johnson
443,Sage Wilson
444,Sam Hernandez
445,Avery Hernandez
446,Finley Martinez
447,Hayden Gonzalez
448,Jamie Martinez
449,River Wilson
450,Charlie Rodriguez
451,Jamie Johnson
452,River Anderson
453,Alex Smith
454,Reese Davis
455,Taylor Thomas
456,Alex Lopez
457,Casey Gonzalez
458,Phoenix Hernandez
459,Sage Johnson
460,Riley Davis
461,Hayden Smith
462,Sam Anderson
463,Sage Martinez
464,Dakota Hernandez
465,Sage Taylor
466,River Anderson
467,Charlie Gonzalez
468,Quinn Brown
469,Morgan Smith
470,Phoenix Lopez
471,Riley Anderson
472,Skylar Brown
473,Charlie Lopez
474,Rowan Jones
475,Phoenix Davis
476,Reese Lopez
477,Morgan Smith
478,Skylar Anderson
479,Hayden Johnson
480,Sage Lopez
481,Reese Gonzalez
482,Avery Thomas
483,Taylor Garcia
484,Skylar Davis
485,Jamie Miller
486,Quinn Johnson
487,Hayden Smith
488,Sage Moore
489,Reese Anderson
490,Jordan Davis
491,Avery Williams
492,Quinn Taylor
493,Rowan Martinez
494,Alex Thomas
495,Jordan Davis
496,Rowan Brown
497,Dakota Brown
498,Dakota Taylor
499,Riley Rodriguez
500,Morgan Gonzalez
501,River Rodriguez
502,Taylor Thomas
503,Sam Brown
504,Riley Gonzalez
505,Jamie Thomas
506,Sam Davis
507,Skylar Gonzalez
508,Finley Garcia
509,Jordan Jones
510,Charlie Smith
511,Morgan Davis
512,Reese Jones
513,Sage Miller
514,Reese Lopez
515,Riley Davis
516,Riley Garcia
517,Alex Johnson
518,Morgan Gonzalez
519,Jamie Miller
520,Sage Taylor
521,Jordan Martinez
522,Rowan Rodriguez
523,Hayden Davis
524,Avery Garcia
525,Reese Martinez
526,Finley Martinez
527,River Johnson
528,River Anderson
529,Riley Davis
530,Jordan Gonzalez
531,Casey Johnson
532,Dakota Taylor
533,Riley Williams
534,Morgan Williams
535,Hayden Brown
536,Taylor Brown
537,Hayden Brown
538,Charlie Taylor
539,Phoenix Martinez
540,Sam Wilson
541,Sage Garcia
542,Sage Garcia
543,Dakota Smith
544,Jamie Rodriguez
545,Avery Williams
546,Jamie Moore
547,Jordan Hernandez
548,Alex Gonzalez
549,Reese Smith
550,Rowan Davis
551,Taylor Smith
552,Charlie Martinez
553,Charlie Rodriguez
554,Phoenix Smith
555,Rowan Miller
556,Riley Brown
557,Jamie Jones
558,Morgan Jones
559,Taylor Anderson
560,Alex Taylor
561,Riley Jones
562,Sage Davis
563,Avery Garcia
564,River Taylor
565,Sage Johnson
566,Alex Davis
567,Dakota Wilson
568,Rowan Jones
569,Quinn Brown
570,Morgan Wilson
571,Sam Anderson
572,Riley Miller
573,Skylar Martinez
574,Sage Anderson
575,Alex Martinez
576,Charlie Davis
577,Sam Davis
578,Sam Thomas
579,Quinn Smith
580,Taylor Williams
581,Sam Garcia
582,Hayden Hernandez
583,Hayden Williams
584,Sage Gonzalez
585,Quinn Martinez
586,Quinn Hernandez
587,Casey Smith
588,Charlie Moore
589,Morgan Wilson
590,Morgan Smith
591,Sam Wilson
592,Charlie Anderson
593,Taylor Miller
594,Riley Garcia
595,Sam Williams
596,Phoenix Taylor
597,Hayden Thomas
598,Hayden Brown
599,Riley Lopez
600,Dakota Thomas
601,Hayden Garcia
602,Casey Jones
603,River Smith
604,Dakota Anderson
605,Reese Garcia
606,Skylar Jones
607,Sam Lopez
608,Casey Miller
609,Jamie Johnson
610,Charlie Smith
611,Dakota Garcia
612,Skylar Taylor
613,Riley Garcia
614,Skylar Jones
615,Dakota Taylor
616,River Taylor
617,Taylor Smith
618,Casey Williams
619,Avery Rodriguez
620,Alex Gonzalez
621,River Davis
622,Jordan Hernandez
623,Hayden Thomas
624,River Davis
625,Morgan Jones
626,Finley Moore
627,Hayden Martinez
628,Rowan Jones
629,Morgan Brown
630,Sage Taylor
631,Charlie Lopez
632,Avery Davis
633,Finley Moore
634,Riley Anderson
635,Hayden Lopez
636,Sam Anderson
637,Taylor Brown
638,Sam Brown
639,Hayden Jones
640,Morgan Lopez
641,Quinn Johnson
642,Riley Martinez
643,Rowan Taylor
644,Taylor Taylor
645,Jamie Lopez
646,Morgan Martinez
647,River Brown
648,Finley Martinez
649,Phoenix Johnson
650,Finley Wilson
651,Skylar Anderson
652,Quinn Hernandez
653,Dakota Rodriguez
654,Rowan Johnson
655,Taylor Brown
656,Charlie Jones
657,Hayden Brown
658,River Garcia
659,Reese Gonzalez
660,Skylar Rodriguez
661,Alex Moore
662,Finley Lopez
663,Alex Jones
664,Finley Thomas
665,Casey Brown
666,Avery Gonzalez
667,Morgan Davis
668,Charlie Taylor
669,Jamie Brown
670,Jordan Johnson
671,Rowan Garcia
672,Phoenix Garcia
673,River Davis
674,Casey Davis
675,Charlie Martinez
676,Rowan Taylor
677,Phoenix Williams
678,Sage Moore
679,Quinn Moore
680,Phoenix Davis
681,Taylor Brown
682,Sam Davis
683,Skylar Rodriguez
684,Alex Wilson
685,River Miller
686,Finley Gonzalez
687,Alex Wilson
688,Riley Davis
689,Finley Taylor
690,Finley Jones
691,Hayden Smith
692,Morgan Rodriguez
693,Dakota Gonzalez
694,Taylor Martinez
695,Taylor Johnson
696,Dakota Johnson
697,River Taylor
698,Sam Anderson
699,Jamie Taylor
700,Sam Miller
701,Rowan Garcia
702,Charlie Johnson
703,Sam Davis
704,Avery Davis
705,Hayden Thomas
706,Jamie Miller
707,Dakota Miller
708,Alex Davis
709,Taylor Taylor
710,Dakota Garcia
711,Finley Smith
712,Rowan Hernandez
713,Rowan Davis
714,Dakota Miller
715,Reese Davis
716,Jamie Miller
717,Sage Gonzalez
718,Casey Miller
719,Sam Martinez
720,Jamie Moore
721,Charlie Jones
722,Morgan Johnson
723,Finley Davis
724,Charlie Moore
725,Reese Brown
726,Rowan Moore
727,Riley Jones
728,Quinn Lopez
729,Casey Davis
730,Taylor Rodriguez
731,Morgan Taylor
732,Quinn Hernandez
733,Charlie Wilson
734,Sam Smith
735,Sage Taylor
736,Rowan Anderson
737,Casey Martinez
738,Avery Rodriguez
739,Sam Davis
740,Sage Johnson
741,Avery Garcia
742,Jamie Thomas
743,Sam Garcia
744,Morgan Brown
745,Quinn Moore
746,Sam Thomas
747,Riley Hernandez
748,Skylar Lopez
749,Sam Moore
750,Hayden Gonzalez
751,Jamie Garcia
752,River Gonzalez
753,Morgan Brown
754,Avery Williams
755,Sage Anderson
756,Quinn Smith
757,Avery Gonzalez
758,Casey Moore
759,Hayden Smith
760,Skylar Moore
761,Alex Lopez
762,Charlie Miller
763,Finley Miller
764,Morgan Jones
765,Dakota Taylor
766,Skylar Garcia
767,Sam Thomas
768,Alex Smith
769,Jamie Gonzalez
770,Charlie Davis
771,Hayden Jones
772,Sage Martinez
773,Dakota Anderson
774,Phoenix Martinez
775,River Martinez
776,Hayden Garcia
777,Taylor Martinez
778,Jordan Garcia
779,Jordan Taylor
780,Charlie Taylor
781,Finley Moore
782,Phoenix Rodriguez
783,Dakota Martinez
784,Skylar Lopez
785,Charlie Thomas
786,Quinn Taylor
787,Skylar Hernandez
788,Sam Moore
789,River Wilson
790,Alex Moore
791,Dakota Wilson
792,Rowan Smith
793,Quinn Martinez
794,Morgan Moore
795,Finley Davis
796,Morgan Garcia
797,Taylor Jones
798,Dakota Brown
799,Riley Hernandez
800,Skylar Johnson
801,Rowan Davis
802,Charlie Martinez
803,Charlie Rodriguez
804,Phoenix Jones
805,Finley Rodriguez
806,Alex Wilson
807,Reese Smith
808,Charlie Garcia
809,Quinn Garcia
810,Casey Moore
811,Rowan Rodriguez
812,River Miller
813,Morgan Lopez
814,Reese Rodriguez
815,Finley Williams
816,Morgan Thomas
817,Avery Hernandez
818,Alex Brown
819,Jordan Johnson
820,Dakota Anderson
821,River Brown
822,Phoenix Smith
823,Dakota Williams
824,Finley Thomas
825,Riley Taylor
826,Rowan Moore
827,Dakota Jones
828,Morgan Jones
829,Dakota Davis
830,Jordan Taylor
831,Reese Thomas
832,Sage Hernandez
833,Jordan Gonzalez
834,Casey Brown
835,Taylor Lopez
836,Hayden Miller
837,Taylor Thomas
838,Sam Rodriguez
839,Jamie Jones
840,Sage Martinez
841,Sage Hernandez
842,Dakota Davis
843,Jordan Martinez
844,Rowan Williams
845,Skylar Rodriguez
846,Morgan Davis
847,Rowan Garcia
848,Avery Lopez
849,Casey Jones
850,Rowan Miller
851,Sam Rodriguez
852,Quinn Brown
853,River Taylor
854,Avery Moore
855,Sage Johnson
856,Jordan Jones
857,Riley Thomas
858,Jordan Hernandez
859,Taylor Anderson
860,Casey Brown
861,Dakota Rodriguez
862,Finley Smith
863,Rowan Martinez
864,Sage Lopez
865,Taylor Moore
866,Hayden Lopez
867,Finley Williams
868,Sam Anderson
869,Alex Anderson
870,River Thomas
871,Morgan Garcia
872,Quinn Lopez
873,Skylar Johnson
874,Alex Lopez
875,Rowan Garcia
876,Sage Taylor
877,Finley Brown
878,Riley Rodriguez
879,Jamie Brown
880,Sage Thomas
881,Hayden Williams
882,Quinn Johnson
883,Morgan Martinez
884,Quinn Brown
885,Jordan Brown
886,River Williams
887,Skylar Anderson
888,Riley Gonzalez
889,Jamie Martinez
890,Phoenix Garcia
891,Casey Taylor
892,Alex Davis
893,Rowan Lopez
894,Phoenix Rodriguez
895,Skylar Thomas
896,Hayden Anderson
897,Casey Lopez
898,Sage Anderson
899,Casey Lopez
900,Quinn Martinez
901,Charlie Wilson
902,Reese Smith
903,Casey Moore
904,Morgan Williams
905,Phoenix Brown
906,Hayden Gonzalez
907,Quinn Taylor
908,Casey Jones
909,Reese Lopez
910,Riley Jones
911,Phoenix Davis
912,Avery Williams
913,Sage Davis
914,Charlie Miller
915,Skylar Williams
916,Hayden Davis
917,Phoenix Taylor
918,Rowan Davis
919,Sage Miller
920,Jordan Rodriguez
921,Taylor Johnson
922,Skylar Wilson
923,Sam Moore
924,River Garcia
925,Reese Moore
926,Phoenix Brown
927,Dakota Rodriguez
928,Sam Hernandez
929,River Jones
930,Morgan Johnson
931,Jordan Taylor
932,Avery Hernandez
933,Rowan Garcia
934,Alex Rodriguez
935,Taylor Rodriguez
936,River Martinez
937,Charlie Garcia
938,Alex Hernandez
939,Jordan Garcia
940,Reese Williams
941,Morgan Williams
942,Phoenix Jones
943,River Hernandez
944,Jordan Thomas
945,Jordan Wilson
946,Dakota Lopez
947,Sam Johnson
948,Charlie Moore
949,Riley Jones
950,Alex Brown
951,Avery Moore
952,Reese Hernandez
953,Jordan Thomas
954,Skylar Hernandez
955,Finley Rodriguez
956,Riley Wilson
957,Avery Taylor
958,Taylor Gonzalez
959,Sage Taylor
960,Finley Lopez
961,Skylar Thomas
962,Casey Moore
963,River Anderson
964,Dakota Jones
965,Morgan Lopez
966,Jordan Johnson
967,Charlie Rodriguez
968,Skylar Martinez
969,Jordan Davis
970,Riley Wilson
971,Reese Miller
972,Avery Taylor
973,Phoenix Moore
974,Skylar Thomas
975,Skylar Jones
976,Charlie Smith
977,Jamie Garcia
978,River Johnson
979,Dakota Jones
980,Charlie Davis
981,Riley Jones
982,River Taylor
983,Rowan Johnson
984,Avery Miller
985,Reese Taylor
986,Sage Hernandez
987,Finley Smith
988,Quinn Garcia
989,Charlie Rodriguez
990,River Williams
991,Sage Williams
992,Charlie Miller
993,Jamie Garcia
994,Quinn Lopez
995,Charlie Taylor
996,Finley Gonzalez
997,Sage Jones
998,Riley Garcia
999,Charlie Thomas
